epoch,train_loss,train_accuracy,train_precision,train_recall,train_f1_score,val_loss,val_accuracy,val_precision,val_recall,val_f1_score
1,0.3290405562468644,0.9181034482758621,0.9185743866792778,0.9181034482758621,0.918199421952508,0.7704200930893421,0.7413793103448276,0.744871437853894,0.7413793103448275,0.7424067039679688
2,0.09232845857482531,0.9942528735632183,0.9943502824858758,0.9942528735632182,0.9942618573494264,0.8982099160890687,0.7413793103448276,0.744871437853894,0.7413793103448275,0.7424067039679688
3,0.05779340026108013,0.9956896551724138,0.9957142155418017,0.9956896551724137,0.9956896017832824,1.002077680081129,0.735632183908046,0.7383924130952993,0.735632183908046,0.7365738959428841
